State,county,year,violent_crime,murder,rape,robbery,aggravated_assault,property_crime,burglary,larceny_theft,motor_vehicle_theft,arson,frm_30,points_30,frm_15,points_15,median_hh_income,median_hh_inc_moe,poverty_count,poverty_count_moe,poverty_rate,poverty_rate_moe,county_fips,price
New Jersey,Atlantic,2019,0,0,0,0,0,0,0,0,0,0,3.935769231,0.521153846,3.391730769,0.475,62678,2822,29057,4251,1.6,11.3,1,196067.42
New Jersey,Bergen,2019,2,0,2,0,0,46,2,44,0,0,3.935769231,0.521153846,3.391730769,0.475,107971,3025,52980,7662,0.8,5.7,3,494018.42
New Jersey,Burlington,2019,0,0,0,0,0,0,0,0,0,0,3.935769231,0.521153846,3.391730769,0.475,88443,3233,24961,4374,1,5.7,5,238593.67
New Jersey,Camden,2019,2,0,0,0,2,44,4,38,2,0,3.935769231,0.521153846,3.391730769,0.475,73168,2374,53641,7048,1.4,10.7,7,181980.75
New Jersey,Cape May,2019,0,0,0,0,0,0,0,0,0,0,3.935769231,0.521153846,3.391730769,0.475,66565,4753,8853,1981,2.2,9.8,9,389294.58
New Jersey,Cumberland,2019,0,0,0,0,0,1,0,1,0,0,3.935769231,0.521153846,3.391730769,0.475,54179,4177,19261,3288,2.4,13.8,11,137622.42
New Jersey,Essex,2019,131,0,9,35,87,135,5,127,3,8,3.935769231,0.521153846,3.391730769,0.475,64522,2529,107745,10052,1.3,13.8,13,411933.58
New Jersey,Gloucester,2019,0,0,0,0,0,0,0,0,0,0,3.935769231,0.521153846,3.391730769,0.475,87996,4946,21602,3278,1.1,7.5,15,207696.42
New Jersey,Hudson,2019,0,0,0,0,0,0,0,0,0,0,3.935769231,0.521153846,3.391730769,0.475,77738,2514,90976,8368,1.3,13.7,17,479035.25
New Jersey,Hunterdon,2019,0,0,0,0,0,0,0,0,0,0,3.935769231,0.521153846,3.391730769,0.475,117275,8348,4794,1116,0.9,4,19,395401.75
New Jersey,Mercer,2019,2,0,0,0,2,14,1,6,7,0,3.935769231,0.521153846,3.391730769,0.475,79475,4872,41600,4602,1.3,11.9,21,254485.17
New Jersey,Middlesex,2019,0,0,0,0,0,0,0,0,0,0,3.935769231,0.521153846,3.391730769,0.475,92770,3290,68514,7328,0.9,8.5,23,347639.83
New Jersey,Monmouth,2019,7,0,0,0,7,1,0,1,0,0,3.935769231,0.521153846,3.391730769,0.475,102579,2715,37725,5291,0.9,6.2,25,441151.33
New Jersey,Morris,2019,0,0,0,0,0,0,0,0,0,0,3.935769231,0.521153846,3.391730769,0.475,116328,4641,25678,3949,0.8,5.3,27,448991.33
New Jersey,Ocean,2019,0,0,0,0,0,8,0,8,0,0,3.935769231,0.521153846,3.391730769,0.475,75627,2657,53950,7903,1.3,9,29,293645.83
New Jersey,Passaic,2019,0,0,0,0,0,0,0,0,0,0,3.935769231,0.521153846,3.391730769,0.475,76039,2039,65342,6566,1.3,13.3,31,355420.92
New Jersey,Salem,2019,0,0,0,0,0,0,0,0,0,0,3.935769231,0.521153846,3.391730769,0.475,68146,2768,7000,1346,2.2,11.4,33,136466.17
New Jersey,Somerset,2019,1,0,0,0,1,1,0,1,0,0,3.935769231,0.521153846,3.391730769,0.475,112722,6545,17409,3313,1,5.4,35,426701.92
New Jersey,Sussex,2019,0,0,0,0,0,0,0,0,0,0,3.935769231,0.521153846,3.391730769,0.475,100281,3560,7180,1538,1.1,5.2,37,255785.42
New Jersey,Union,2019,0,0,0,0,0,0,0,0,0,0,3.935769231,0.521153846,3.391730769,0.475,79953,3459,50094,6908,1.3,9.1,39,387667.08
New Jersey,Warren,2019,0,0,0,0,0,0,0,0,0,0,3.935769231,0.521153846,3.391730769,0.475,83998,3644,7313,1572,1.5,7.1,41,240479.92
New Jersey,Atlantic,2018,0,0,0,0,0,0,0,0,0,0,4.544615385,0.484615385,4.000192308,0.45,60826,1701,33167,4613,1.8,12.8,1,185926.08
New Jersey,Bergen,2018,0,0,0,0,0,0,0,0,0,0,4.544615385,0.484615385,4.000192308,0.45,100181,1606,63403,7302,0.8,6.8,3,491586.42
New Jersey,Burlington,2018,0,0,0,0,0,0,0,0,0,0,4.544615385,0.484615385,4.000192308,0.45,84470,3358,26786,4820,1.1,6.2,5,230662.33
New Jersey,Camden,2018,6,0,0,0,6,37,0,35,2,0,4.544615385,0.484615385,4.000192308,0.45,67135,2636,64417,6210,1.2,12.9,7,175142.5
New Jersey,Cape May,2018,1,0,0,0,1,1,0,1,0,0,4.544615385,0.484615385,4.000192308,0.45,62175,4882,9325,2012,2.2,10.3,9,377710.58
New Jersey,Cumberland,2018,1,0,0,0,1,0,0,0,0,0,4.544615385,0.484615385,4.000192308,0.45,51790,4103,21430,3793,2.7,15.2,11,139535.58
New Jersey,Essex,2018,107,0,4,29,74,111,20,84,7,0,4.544615385,0.484615385,4.000192308,0.45,62875,2940,116246,10063,1.3,14.9,13,394743.33
New Jersey,Gloucester,2018,1,0,0,0,1,1,0,1,0,0,4.544615385,0.484615385,4.000192308,0.45,81315,4282,21869,3527,1.2,7.6,15,204181.75
New Jersey,Hudson,2018,0,0,0,0,0,0,0,0,0,0,4.544615385,0.484615385,4.000192308,0.45,73337,2139,95704,10273,1.5,14.3,17,469338.5
New Jersey,Hunterdon,2018,0,0,0,0,0,0,0,0,0,0,4.544615385,0.484615385,4.000192308,0.45,112335,5735,5317,1007,0.8,4.4,19,390068.17
New Jersey,Mercer,2018,1,0,0,0,1,13,7,4,2,0,4.544615385,0.484615385,4.000192308,0.45,79979,3291,38279,5168,1.5,10.9,21,248015.33
New Jersey,Middlesex,2018,0,0,0,0,0,0,0,0,0,0,4.544615385,0.484615385,4.000192308,0.45,87666,3090,65823,7524,0.9,8.2,23,342557.75
New Jersey,Monmouth,2018,8,0,0,0,8,0,0,0,0,0,4.544615385,0.484615385,4.000192308,0.45,99223,2643,41380,5808,0.9,6.7,25,431517.67
New Jersey,Morris,2018,0,0,0,0,0,0,0,0,0,0,4.544615385,0.484615385,4.000192308,0.45,112396,3607,22980,4092,0.8,4.7,27,448941.75
New Jersey,Ocean,2018,1,0,0,0,1,7,0,7,0,0,4.544615385,0.484615385,4.000192308,0.45,68483,1849,57366,6994,1.2,9.7,29,291129.33
New Jersey,Passaic,2018,0,0,0,0,0,0,0,0,0,0,4.544615385,0.484615385,4.000192308,0.45,71959,3074,67374,7805,1.6,13.6,31,343506.5
New Jersey,Salem,2018,0,0,0,0,0,0,0,0,0,0,4.544615385,0.484615385,4.000192308,0.45,64524,4339,6891,1319,2.1,11.2,33,152697.83
New Jersey,Somerset,2018,0,0,0,0,0,0,0,0,0,0,4.544615385,0.484615385,4.000192308,0.45,119731,5458,16112,3138,1,4.9,35,422836.5
New Jersey,Sussex,2018,0,0,0,0,0,0,0,0,0,0,4.544615385,0.484615385,4.000192308,0.45,92284,4315,7233,1405,1,5.2,37,243134.67
New Jersey,Union,2018,0,0,0,0,0,0,0,0,0,0,4.544615385,0.484615385,4.000192308,0.45,80737,3457,43279,6953,1.3,7.8,39,378825.5
New Jersey,Warren,2018,0,0,0,0,0,0,0,0,0,0,4.544615385,0.484615385,4.000192308,0.45,77571,4788,7006,1436,1.4,6.7,41,236254.33
New Jersey,Atlantic,2017,1,0,0,0,1,0,0,0,0,0,3.989807692,0.498076923,3.2725,0.490384615,59309,3483,38092,4143,1.6,14.4,1,176391.25
New Jersey,Bergen,2017,7,0,4,0,3,51,1,48,2,0,3.989807692,0.498076923,3.2725,0.490384615,93805,2964,62037,7250,0.8,6.6,3,478115
New Jersey,Burlington,2017,0,0,0,0,0,0,0,0,0,0,3.989807692,0.498076923,3.2725,0.490384615,86777,3080,28202,4029,0.9,6.5,5,224566.75
New Jersey,Camden,2017,2,0,0,1,1,21,0,19,2,0,3.989807692,0.498076923,3.2725,0.490384615,65817,2491,58696,7151,1.4,11.7,7,168415.83
New Jersey,Cape May,2017,0,0,0,0,0,0,0,0,0,0,3.989807692,0.498076923,3.2725,0.490384615,64450,2988,9486,1742,1.9,10.4,9,359288.42
New Jersey,Cumberland,2017,0,0,0,0,0,1,0,1,0,0,3.989807692,0.498076923,3.2725,0.490384615,51786,3129,26129,3330,2.3,18.4,11,137949.92
New Jersey,Essex,2017,65,0,0,22,43,58,22,36,0,0,3.989807692,0.498076923,3.2725,0.490384615,60284,2008,123806,10428,1.3,15.7,13,375687.25
New Jersey,Gloucester,2017,1,0,0,0,1,3,0,3,0,0,3.989807692,0.498076923,3.2725,0.490384615,84639,4179,19238,3237,1.1,6.7,15,199196.58
New Jersey,Hudson,2017,0,0,0,0,0,0,0,0,0,0,3.989807692,0.498076923,3.2725,0.490384615,65673,3151,96125,9139,1.3,14.1,17,439802.58
New Jersey,Hunterdon,2017,0,0,0,0,0,0,0,0,0,0,3.989807692,0.498076923,3.2725,0.490384615,113083,7030,4793,918,0.8,3.9,19,384010.58
New Jersey,Mercer,2017,6,0,0,0,6,19,9,10,0,0,3.989807692,0.498076923,3.2725,0.490384615,78161,4228,40622,4851,1.4,11.4,21,238138.58
New Jersey,Middlesex,2017,0,0,0,0,0,0,0,0,0,0,3.989807692,0.498076923,3.2725,0.490384615,85187,1841,69518,6878,0.8,8.5,23,326545.75
New Jersey,Monmouth,2017,4,0,1,0,3,1,0,1,0,0,3.989807692,0.498076923,3.2725,0.490384615,97627,2987,45085,5406,0.9,7.3,25,410241.58
New Jersey,Morris,2017,0,0,0,0,0,0,0,0,0,0,3.989807692,0.498076923,3.2725,0.490384615,114269,4580,24225,3780,0.8,4.9,27,436397.25
New Jersey,Ocean,2017,0,0,0,0,0,4,0,4,0,0,3.989807692,0.498076923,3.2725,0.490384615,70493,2315,60406,6516,1.1,10.2,29,280263.17
New Jersey,Passaic,2017,0,0,0,0,0,0,0,0,0,0,3.989807692,0.498076923,3.2725,0.490384615,63127,2969,82865,7341,1.5,16.5,31,317023.83
New Jersey,Salem,2017,1,0,0,0,1,0,0,0,0,0,3.989807692,0.498076923,3.2725,0.490384615,61322,5874,8215,1231,2,13.3,33,143383.83
New Jersey,Somerset,2017,1,0,0,0,1,1,0,1,0,0,3.989807692,0.498076923,3.2725,0.490384615,111838,5072,17396,3118,0.9,5.3,35,410589.08
New Jersey,Sussex,2017,0,0,0,0,0,0,0,0,0,0,3.989807692,0.498076923,3.2725,0.490384615,89744,4284,7372,1526,1.1,5.3,37,230719.92
New Jersey,Union,2017,0,0,0,0,0,0,0,0,0,0,3.989807692,0.498076923,3.2725,0.490384615,76830,2421,52052,7398,1.3,9.3,39,359634.33
New Jersey,Warren,2017,0,0,0,0,0,0,0,0,0,0,3.989807692,0.498076923,3.2725,0.490384615,79633,4199,7770,1528,1.5,7.4,41,227948.67
New Jersey,Atlantic,2016,0,0,0,0,0,0,0,0,0,0,3.654038462,0.530769231,2.930769231,0.492307692,55672,3183,37734,4585,1.7,14.2,1,175862
New Jersey,Bergen,2016,8,0,0,0,8,56,3,51,2,2,3.654038462,0.530769231,2.930769231,0.492307692,93205,2652,63789,6215,0.7,6.9,3,464526.17
New Jersey,Burlington,2016,0,0,0,0,0,0,0,0,0,0,3.654038462,0.530769231,2.930769231,0.492307692,80081,2327,27083,4146,1,6.2,5,220975.75
New Jersey,Camden,2016,1583,47,88,428,1020,2676,650,1522,504,94,3.654038462,0.530769231,2.930769231,0.492307692,65838,2127,60385,7206,1.4,12,7,165169
New Jersey,Cape May,2016,0,0,0,0,0,2,0,2,0,0,3.654038462,0.530769231,2.930769231,0.492307692,59181,3828,10964,1949,2.1,11.9,9,354809.5
New Jersey,Cumberland,2016,0,0,0,0,0,1,0,1,0,0,3.654038462,0.530769231,2.930769231,0.492307692,48867,3997,26321,3627,2.5,18.4,11,137387.75
New Jersey,Essex,2016,95,1,0,46,48,79,19,59,1,0,3.654038462,0.530769231,2.930769231,0.492307692,54879,2928,126492,9636,1.2,16.3,13,359407.75
New Jersey,Gloucester,2016,6,0,0,0,6,0,0,0,0,0,3.654038462,0.530769231,2.930769231,0.492307692,79332,3080,22402,3549,1.2,7.8,15,198043
New Jersey,Hudson,2016,0,0,0,0,0,0,0,0,0,0,3.654038462,0.530769231,2.930769231,0.492307692,63157,1946,104660,8794,1.3,15.6,17,409631.92
New Jersey,Hunterdon,2016,0,0,0,0,0,0,0,0,0,0,3.654038462,0.530769231,2.930769231,0.492307692,113336,5260,5431,921,0.8,4.5,19,376774.17
New Jersey,Mercer,2016,2,0,0,1,1,8,2,6,0,0,3.654038462,0.530769231,2.930769231,0.492307692,76988,3107,39066,4551,1.3,11.1,21,236224.75
New Jersey,Middlesex,2016,0,0,0,0,0,0,0,0,0,0,3.654038462,0.530769231,2.930769231,0.492307692,82183,2111,69642,6729,0.8,8.6,23,312580
New Jersey,Monmouth,2016,2,0,0,0,2,1,0,1,0,0,3.654038462,0.530769231,2.930769231,0.492307692,89968,3263,43866,5529,0.9,7.1,25,397709.25
New Jersey,Morris,2016,0,0,0,0,0,0,0,0,0,0,3.654038462,0.530769231,2.930769231,0.492307692,107019,3433,26615,4134,0.8,5.4,27,426382.17
New Jersey,Ocean,2016,0,0,0,0,0,5,3,2,0,0,3.654038462,0.530769231,2.930769231,0.492307692,62276,1627,64493,7669,1.3,11,29,271486.08
New Jersey,Passaic,2016,0,0,0,0,0,0,0,0,0,0,3.654038462,0.530769231,2.930769231,0.492307692,61517,2221,85671,7363,1.5,17.2,31,307548.67
New Jersey,Salem,2016,0,0,0,0,0,0,0,0,0,0,3.654038462,0.530769231,2.930769231,0.492307692,56071,4189,7868,1224,2,12.6,33,140317.67
New Jersey,Somerset,2016,0,0,0,0,0,4,0,4,0,0,3.654038462,0.530769231,2.930769231,0.492307692,104668,3739,17318,2858,0.9,5.2,35,404622.17
New Jersey,Sussex,2016,0,0,0,0,0,0,0,0,0,0,3.654038462,0.530769231,2.930769231,0.492307692,87549,4074,8460,1539,1.1,6,37,230911.5
New Jersey,Union,2016,0,0,0,0,0,0,0,0,0,0,3.654038462,0.530769231,2.930769231,0.492307692,71801,2384,58425,6643,1.2,10.6,39,339373.58
New Jersey,Warren,2016,0,0,0,0,0,0,0,0,0,0,3.654038462,0.530769231,2.930769231,0.492307692,74834,3983,8708,1459,1.4,8.3,41,224050.08
New Jersey,Atlantic,2015,0,0,0,0,0,0,0,0,0,0,3.850576923,0.615384615,3.0875,0.576923077,53296,3026,37923,4231,1.6,14.1,1,186052.25
New Jersey,Bergen,2015,7,0,0,0,7,57,3,53,1,0,3.850576923,0.615384615,3.0875,0.576923077,88512,2875,65906,7290,0.8,7.1,3,452857.75
New Jersey,Burlington,2015,0,0,0,0,0,0,0,0,0,0,3.850576923,0.615384615,3.0875,0.576923077,74844,2932,33675,4151,0.9,7.7,5,220449.92
New Jersey,Camden,2015,1524,32,75,483,934,2804,675,1791,338,87,3.850576923,0.615384615,3.0875,0.576923077,63589,3019,65805,7149,1.4,13.1,7,164507.33
New Jersey,Cape May,2015,5,0,0,0,5,0,0,0,0,0,3.850576923,0.615384615,3.0875,0.576923077,55632,3267,9684,2021,2.2,10.5,9,350412.33
New Jersey,Cumberland,2015,0,0,0,0,0,0,0,0,0,0,3.850576923,0.615384615,3.0875,0.576923077,50259,2354,24740,3767,2.6,17.2,11,138510
New Jersey,Essex,2015,91,0,1,40,50,77,15,61,1,0,3.850576923,0.615384615,3.0875,0.576923077,52206,1385,131125,8698,1.1,16.8,13,347547.17
New Jersey,Gloucester,2015,2,0,0,0,2,1,0,1,0,0,3.850576923,0.615384615,3.0875,0.576923077,76780,3193,22086,3821,1.3,7.7,15,198800.08
New Jersey,Hudson,2015,0,0,0,0,0,0,0,0,0,0,3.850576923,0.615384615,3.0875,0.576923077,60053,1623,117828,9372,1.4,17.7,17,383088.58
New Jersey,Hunterdon,2015,0,0,0,0,0,0,0,0,0,0,3.850576923,0.615384615,3.0875,0.576923077,102797,3980,6046,1085,0.9,5,19,380194.75
New Jersey,Mercer,2015,0,0,0,0,0,1,0,1,0,0,3.850576923,0.615384615,3.0875,0.576923077,72172,2755,39354,4687,1.3,11.2,21,235480.83
New Jersey,Middlesex,2015,0,0,0,0,0,0,0,0,0,0,3.850576923,0.615384615,3.0875,0.576923077,78249,3131,69660,8196,1,8.5,23,313988.83
New Jersey,Monmouth,2015,3,0,0,0,3,2,1,1,0,0,3.850576923,0.615384615,3.0875,0.576923077,86722,3242,46641,5557,0.9,7.5,25,392619.58
New Jersey,Morris,2015,0,0,0,0,0,0,0,0,0,0,3.850576923,0.615384615,3.0875,0.576923077,101754,2732,25917,4814,1,5.3,27,427850.08
New Jersey,Ocean,2015,0,0,0,0,0,0,0,0,0,0,3.850576923,0.615384615,3.0875,0.576923077,63478,1933,63101,7783,1.3,10.9,29,267801.42
New Jersey,Passaic,2015,0,0,0,0,0,0,0,0,0,0,3.850576923,0.615384615,3.0875,0.576923077,55723,3010,86457,7202,1.4,17.3,31,301986.33
New Jersey,Salem,2015,0,0,0,0,0,0,0,0,0,0,3.850576923,0.615384615,3.0875,0.576923077,63988,4007,7524,1427,2.3,11.9,33,
New Jersey,Somerset,2015,1,0,0,0,1,1,0,1,0,0,3.850576923,0.615384615,3.0875,0.576923077,99059,4254,18132,3281,1,5.5,35,396717
New Jersey,Sussex,2015,0,0,0,0,0,0,0,0,0,0,3.850576923,0.615384615,3.0875,0.576923077,84431,5085,7958,1617,1.1,5.6,37,233373.92
New Jersey,Union,2015,0,0,0,0,0,0,0,0,0,0,3.850576923,0.615384615,3.0875,0.576923077,70581,2488,58384,6510,1.2,10.6,39,333713.17
New Jersey,Warren,2015,0,0,0,0,0,0,0,0,0,0,3.850576923,0.615384615,3.0875,0.576923077,71672,4952,8040,1478,1.4,7.7,41,225512.5
New Jersey,Atlantic,2014,0,0,0,0,0,0,0,0,0,0,4.168867925,0.59245283,3.286037736,0.571698113,54208,2501,40761,4675,1.7,15.1,1,194470
New Jersey,Bergen,2014,0,0,0,0,0,0,0,0,0,0,4.168867925,0.59245283,3.286037736,0.571698113,84309,2864,70557,7271,0.8,7.6,3,443285.33
New Jersey,Burlington,2014,0,0,0,0,0,0,0,0,0,0,4.168867925,0.59245283,3.286037736,0.571698113,80479,1801,31331,3849,0.9,7.2,5,219585.92
New Jersey,Camden,2014,1550,33,51,531,935,2845,844,1680,321,84,4.168867925,0.59245283,3.286037736,0.571698113,61685,2252,65551,6497,1.3,13,7,165242.5
New Jersey,Cape May,2014,2,0,0,0,2,1,0,1,0,0,4.168867925,0.59245283,3.286037736,0.571698113,55409,3123,12080,2043,2.2,13,9,349033.25
New Jersey,Cumberland,2014,0,0,0,0,0,0,0,0,0,0,4.168867925,0.59245283,3.286037736,0.571698113,45438,2359,28287,4073,2.8,19.5,11,140719.25
New Jersey,Essex,2014,115,0,0,54,61,86,17,64,5,0,4.168867925,0.59245283,3.286037736,0.571698113,54603,1762,130059,9270,1.2,16.7,13,336149.75
New Jersey,Gloucester,2014,0,0,0,0,0,0,0,0,0,0,4.168867925,0.59245283,3.286037736,0.571698113,78983,2145,23626,3661,1.3,8.2,15,194035.42
New Jersey,Hudson,2014,0,0,0,0,0,0,0,0,0,0,4.168867925,0.59245283,3.286037736,0.571698113,57720,2168,117129,9481,1.4,17.7,17,364286.92
New Jersey,Hunterdon,2014,0,0,0,0,0,0,0,0,0,0,4.168867925,0.59245283,3.286037736,0.571698113,103876,5136,5742,1144,0.9,4.7,19,379196.83
New Jersey,Mercer,2014,0,0,0,0,0,0,0,0,0,0,4.168867925,0.59245283,3.286037736,0.571698113,73750,3162,41715,4208,1.2,11.8,21,232852.92
New Jersey,Middlesex,2014,0,0,0,0,0,0,0,0,0,0,4.168867925,0.59245283,3.286037736,0.571698113,77330,2533,67331,7436,0.9,8.3,23,307306.67
New Jersey,Monmouth,2014,1,0,0,0,1,1,1,0,0,0,4.168867925,0.59245283,3.286037736,0.571698113,87220,3758,51001,5501,0.9,8.2,25,388927.42
New Jersey,Morris,2014,0,0,0,0,0,0,0,0,0,0,4.168867925,0.59245283,3.286037736,0.571698113,100511,2080,24782,3817,0.8,5,27,419256.92
New Jersey,Ocean,2014,0,0,0,0,0,0,0,0,0,0,4.168867925,0.59245283,3.286037736,0.571698113,62937,2376,68832,6331,1.1,11.9,29,268527.92
New Jersey,Passaic,2014,0,0,0,0,0,0,0,0,0,0,4.168867925,0.59245283,3.286037736,0.571698113,58030,2303,90553,7311,1.5,18.2,31,297582.25
New Jersey,Salem,2014,2,0,0,0,2,0,0,0,0,0,4.168867925,0.59245283,3.286037736,0.571698113,56645,4801,8307,1399,2.2,13.1,33,
New Jersey,Somerset,2014,0,0,0,0,0,0,0,0,0,0,4.168867925,0.59245283,3.286037736,0.571698113,100194,2998,16496,3368,1,5,35,397699.17
New Jersey,Sussex,2014,0,0,0,0,0,0,0,0,0,0,4.168867925,0.59245283,3.286037736,0.571698113,82048,4293,8875,1641,1.1,6.2,37,233055.08
New Jersey,Union,2014,0,0,0,0,0,0,0,0,0,0,4.168867925,0.59245283,3.286037736,0.571698113,68172,3025,60679,6684,1.2,11.1,39,330659.83
New Jersey,Warren,2014,0,0,0,0,0,0,0,0,0,0,4.168867925,0.59245283,3.286037736,0.571698113,71294,3052,8747,1594,1.5,8.3,41,227108.33
New Jersey,Atlantic,2013,0,0,0,0,0,0,0,0,0,0,3.975576923,0.732692308,3.100769231,0.7,51668,1949,46281,3953,1.5,17.1,1,191150.75
New Jersey,Bergen,2013,4,0,1,0,3,88,4,83,1,0,3.975576923,0.732692308,3.100769231,0.7,81615,1241,73719,7112,0.8,8.1,3,426550.33
New Jersey,Burlington,2013,0,0,0,0,0,0,0,0,0,0,3.975576923,0.732692308,3.100769231,0.7,76868,2228,27192,4269,1,6.2,5,217803.83
New Jersey,Camden,2013,1950,57,55,732,1106,3260,857,1939,464,84,3.975576923,0.732692308,3.100769231,0.7,57641,2826,74058,5891,1.2,14.7,7,163183.58
New Jersey,Cape May,2013,0,0,0,0,0,0,0,0,0,0,3.975576923,0.732692308,3.100769231,0.7,56520,3185,10159,1916,2,10.8,9,346024.58
New Jersey,Cumberland,2013,0,0,0,0,0,1,0,1,0,0,3.975576923,0.732692308,3.100769231,0.7,45850,2421,29231,3709,2.6,20.1,11,146743.33
New Jersey,Essex,2013,16,0,0,9,7,26,8,17,1,0,3.975576923,0.732692308,3.100769231,0.7,53358,2224,136161,9209,1.2,17.7,13,318672.17
New Jersey,Gloucester,2013,0,0,0,0,0,0,0,0,0,0,3.975576923,0.732692308,3.100769231,0.7,71137,2632,26775,3581,1.3,9.4,15,192531
New Jersey,Hudson,2013,0,0,0,0,0,0,0,0,0,0,3.975576923,0.732692308,3.100769231,0.7,55699,1652,126653,9611,1.5,19.4,17,338057
New Jersey,Hunterdon,2013,0,0,0,0,0,0,0,0,0,0,3.975576923,0.732692308,3.100769231,0.7,107203,6317,5068,1091,0.9,4.1,19,360721.42
New Jersey,Mercer,2013,0,0,0,0,0,0,0,0,0,0,3.975576923,0.732692308,3.100769231,0.7,70575,1884,41296,5289,1.5,11.8,21,227961.83
New Jersey,Middlesex,2013,0,0,0,0,0,0,0,0,0,0,3.975576923,0.732692308,3.100769231,0.7,76515,2075,75437,7189,0.9,9.4,23,292220.33
New Jersey,Monmouth,2013,0,0,0,0,0,0,0,0,0,0,3.975576923,0.732692308,3.100769231,0.7,83424,2338,48548,5506,0.9,7.8,25,369553.5
New Jersey,Morris,2013,0,0,0,0,0,0,0,0,0,0,3.975576923,0.732692308,3.100769231,0.7,99950,2240,23871,4213,0.9,4.9,27,404922.58
New Jersey,Ocean,2013,0,0,0,0,0,0,0,0,0,0,3.975576923,0.732692308,3.100769231,0.7,59888,2084,60439,7755,1.3,10.5,29,252781.42
New Jersey,Passaic,2013,0,0,0,0,0,0,0,0,0,0,3.975576923,0.732692308,3.100769231,0.7,57426,2605,82368,7341,1.5,16.6,31,290298.17
New Jersey,Salem,2013,0,0,0,0,0,1,0,1,0,0,3.975576923,0.732692308,3.100769231,0.7,58483,4086,9591,1291,2,15,33,
New Jersey,Somerset,2013,0,0,0,0,0,0,0,0,0,0,3.975576923,0.732692308,3.100769231,0.7,96947,3958,18582,3347,1,5.7,35,379552.08
New Jersey,Sussex,2013,0,0,0,0,0,0,0,0,0,0,3.975576923,0.732692308,3.100769231,0.7,85747,4564,8779,1526,1.1,6.1,37,223396
New Jersey,Union,2013,0,0,0,0,0,0,0,0,0,0,3.975576923,0.732692308,3.100769231,0.7,64272,2596,61990,6558,1.2,11.5,39,315231.92
New Jersey,Warren,2013,0,0,0,0,0,0,0,0,0,0,3.975576923,0.732692308,3.100769231,0.7,68011,4780,9194,1551,1.5,8.7,41,214842
New Jersey,Atlantic,2012,0,0,0,0,0,0,0,0,0,0,3.6575,0.717307692,2.934423077,0.684615385,50881,1856,38245,4662,1.7,14.2,1,194958.58
New Jersey,Bergen,2012,7,0,1,0,6,122,5,112,5,1,3.6575,0.717307692,2.934423077,0.684615385,82001,2853,72647,7178,0.8,8,3,412730.67
New Jersey,Burlington,2012,0,0,0,0,0,0,0,0,0,0,3.6575,0.717307692,2.934423077,0.684615385,74285,2311,28776,4006,0.9,6.6,5,215685.75
New Jersey,Camden,2012,1,0,0,0,1,2,2,0,0,0,3.6575,0.717307692,2.934423077,0.684615385,58572,2330,63861,6125,1.2,12.6,7,165492
New Jersey,Cape May,2012,0,0,0,0,0,0,0,0,0,0,3.6575,0.717307692,2.934423077,0.684615385,55175,2358,10301,2028,2.2,10.9,9,346823.17
New Jersey,Cumberland,2012,0,0,0,0,0,2,0,2,0,0,3.6575,0.717307692,2.934423077,0.684615385,46491,2185,27144,3443,2.4,18.7,11,160467.17
New Jersey,Essex,2012,81,0,4,49,28,84,14,67,3,0,3.6575,0.717307692,2.934423077,0.684615385,51019,1437,132434,8245,1.1,17.2,13,315721.75
New Jersey,Gloucester,2012,0,0,0,0,0,0,0,0,0,0,3.6575,0.717307692,2.934423077,0.684615385,72248,2781,24404,3215,1.1,8.6,15,191010.25
New Jersey,Hudson,2012,0,0,0,0,0,0,0,0,0,0,3.6575,0.717307692,2.934423077,0.684615385,56087,2196,107096,8697,1.4,16.6,17,318479.67
New Jersey,Hunterdon,2012,0,0,0,0,0,0,0,0,0,0,3.6575,0.717307692,2.934423077,0.684615385,103301,6134,5664,1101,0.9,4.6,19,354244.42
New Jersey,Mercer,2012,0,0,0,0,0,0,0,0,0,0,3.6575,0.717307692,2.934423077,0.684615385,67662,2981,36894,4449,1.3,10.5,21,223372.92
New Jersey,Middlesex,2012,0,0,0,0,0,0,0,0,0,0,3.6575,0.717307692,2.934423077,0.684615385,77044,1871,77061,7148,0.9,9.6,23,281452.42
New Jersey,Monmouth,2012,0,0,0,0,0,0,0,0,0,0,3.6575,0.717307692,2.934423077,0.684615385,81190,1653,45472,5383,0.9,7.3,25,358180.5
New Jersey,Morris,2012,0,0,0,0,0,0,0,0,0,0,3.6575,0.717307692,2.934423077,0.684615385,95236,3488,23017,3680,0.8,4.7,27,394941
New Jersey,Passaic,2012,0,0,0,0,0,0,0,0,0,0,3.6575,0.717307692,2.934423077,0.684615385,58073,1947,76698,7109,1.4,15.6,31,289847.83
New Jersey,Ocean,2012,0,0,0,0,0,0,0,0,0,0,3.6575,0.717307692,2.934423077,0.684615385,59022,2038,62772,6293,1.1,11,29,249704.83
New Jersey,Salem,2012,3,0,0,0,3,0,0,0,0,0,3.6575,0.717307692,2.934423077,0.684615385,57939,3450,7235,1231,1.9,11.2,33,
New Jersey,Somerset,2012,5,0,0,0,5,0,0,0,0,0,3.6575,0.717307692,2.934423077,0.684615385,95574,4170,19644,2842,0.9,6.1,35,372094.17
New Jersey,Sussex,2012,0,0,0,0,0,0,0,0,0,0,3.6575,0.717307692,2.934423077,0.684615385,85036,3836,9018,1568,1.1,6.2,37,214701.67
New Jersey,Union,2012,0,0,0,0,0,0,0,0,0,0,3.6575,0.717307692,2.934423077,0.684615385,64698,3254,58609,5916,1.1,10.9,39,310472.92
New Jersey,Warren,2012,0,0,0,0,0,0,0,0,0,0,3.6575,0.717307692,2.934423077,0.684615385,70560,2985,7285,1441,1.4,6.9,41,213837.58
